id;start_date;end_date;language
1;2023-02-20T11:42:45;2023-02-20T06:06:28;FRENCH
2;2023-02-20T19:42:06;2023-02-21T01:45:55;SPANISH
3;2023-02-20T21:26:16;2023-02-20T10:50:39;SPANISH
4;2023-02-20T17:13:06;2023-02-20T19:48:25;SPANISH
5;2023-02-20T17:10:12;2023-02-20T22:11:11;SPANISH
6;2023-02-20T22:49:29;2023-02-20T18:22:46;ENGLISH
7;2023-02-21T03:41:21;2023-02-21T04:53:16;SPANISH
8;2023-02-20T10:43:54;2023-02-20T19:35:35;ENGLISH
9;2023-02-20T08:37:08;2023-02-21T00:49:06;ENGLISH
10;2023-02-20T23:26:16;2023-02-20T09:28:44;ENGLISH
